Sample_ID,Sample_Name,Class_Label,Class_Name,OPR,NaHCO3_P,DOC,OPR_FeP,FeII,NH4_NO3_Ratio,log_nosZ_norB_Ratio
YY,mean.YY,1,Promoted,278.6,0.0259021370645345,0.322521878212912,1.107852371601633,5.588016272,1.448768818426598,0.488045710232009
BB,mean.BB,1,Promoted,208.4,0.0016023373731805,0.2900924522019738,-0.0072369682494418,1.670276144,0.0767879072569096,0.0513494819101888
SQ,mean.SQ,1,Promoted,174.0,0.003960739341353,0.2015927317925634,0.5222116353770616,18.762700752,12.39237703938005,0.2190062066953022
CY,mean.CY,1,Promoted,181.4,0.0219866311386214,0.1493031657159772,0.1971918149341747,4.76420216,1.568519837789062,0.0125804243968945
WZ,mean.WZ,1,Promoted,254.8,0.0217741782178217,0.5738762711443642,1.438342081804124,1.495863648,1.680994917153659,0.1551534933023184
SH2,mean.SH2,0,Suppressed_or_neutral,197.6,0.022659294117647,0.2753852376212012,0.0370338566061572,31.866387408,2.704478574884854,0.2329391756103628
WF,mean.WF,1,Promoted,179.8,0.0047015791523801,0.6940032567198962,0.4025033578837514,5.545266816,13.23013964631458,-0.3145454141407669
LS1,mean.LS1,1,Promoted,194.4,0.028082213592233,0.2913559712701936,0.1743886753593208,12.104693296,5.189760752598402,0.0346984221855398
DL,mean.DL,1,Promoted,229.8,0.0565676067423989,0.2082123804602848,-0.1852667628923058,2.011517984,3.880449861772812,0.1654708330697087
ZY,mean.ZY,1,Promoted,202.8,0.089533294117647,0.2356568768473124,-0.2113934829642741,6.932983632,5.617969334388262,0.205037972176969
BJ,mean.BJ,1,Promoted,170.2,0.0222801407457335,0.196803909832069,0.5670839428904415,0.258445472,2.553758587994626,0.1000292134746302
ZQ,mean.ZQ,1,Promoted,257.8,0.0511054876477939,0.3995705393420228,0.3090968427529596,1.230453328,1.093147767314931,0.3293850601216734
RL,mean.RL,0,Suppressed_or_neutral,275.2,0.0355546293546544,0.191893668152484,0.8097134526942272,24.59414464,1.486321790374971,0.0964275239689599
LZ,mean.LZ,1,Promoted,141.0,0.0174249724890152,0.2109256468870064,1.020478101741959,27.195165776,0.0294991026629796,0.2345739200172134
HF,mean.HF,1,Promoted,224.4,0.0312897837187128,0.2631404774991354,0.1999291049429844,8.426864576,0.414200691814242,0.2864845872245591
AY,mean.AY,1,Promoted,219.6,0.0105613479932218,0.146136640611556,-0.1185039595434129,9.905579216,1.080231859834246,0.1022424806639159
MH,mean.MH,1,Promoted,207.6,0.1079882170990639,0.6481822061147052,-0.0211374606827553,11.141632992,0.6156797221647323,-0.2655940651058943
HZ,mean.HZ,1,Promoted,258.8,0.0993724831524843,0.2156152442009,-0.2719321430209338,3.975554352000001,1.338676650816994,-0.1978477930230133
HK,mean.HK,0,Suppressed_or_neutral,276.0,0.1058924932201958,0.2871817838891722,1.377290893792615,6.205001040000001,0.6749114819912709,0.3038316418403178
GL,mean.GL,0,Suppressed_or_neutral,260.6,0.0428191301247771,0.3658912225982966,2.985694695821853,2.094932656,2.58906466084378,0.3677269485875676
YC2,mean.YC2,1,Promoted,217.2,0.0015373339229151,0.351454932680915,-0.1322399330124593,18.770283904,4.5289804613291,-0.0514050549467898
LY,mean.LY,1,Promoted,185.6,0.0620297308468711,0.2674984612486834,0.3214108551039406,2.509921776,2.905983479264444,0.0257536381219747
YT1,mean.YT1,0,Suppressed_or_neutral,143.2,0.00660570277996,0.1939821162918422,0.990100438243366,13.439328048,4.214527997065537,0.3474519945523968
CQ,mean.CQ,1,Promoted,215.2,0.0285977144049554,0.2527764763134664,-0.0866539608802862,2.671252208,0.5002545940745888,0.1546198358448359
SY,mean.SY,1,Promoted,283.6,0.0283349058999253,0.215056455340735,-0.2723861648562719,0.04212564,0.2096944222677571,-0.0106383041190238
TZ,mean.TZ,1,Promoted,329.0,0.1581885915601268,0.6278058184297587,0.9368850475542592,3.70256088,0.1040878314886475,-0.1939320564120318
SH1,mean.SH1,1,Promoted,206.2,0.0427963445906968,0.2397991340110164,-0.014823421259034,2.398258736,1.163498532861335,-0.1187963800115834
XN,mean.XN,0,Suppressed_or_neutral,149.0,0.0491186869251845,0.0043380896107613,0.8059460213730418,25.16288104,3.585402085514495,0.1544916843185839
CF,mean.CF,0,Suppressed_or_neutral,95.8,0.0298148023341205,0.2665850048760398,1.717195355325101,4.021053264,0.4083566083377658,-0.0108504292510522
ATS,mean.ATS,1,Promoted,145.0,0.0012465680258565,0.203020965351514,0.9963426027267128,23.123013152,2.590711235711701,0.0499004588860667
YT2,mean.YT2,1,Promoted,257.6,0.0376303573969047,0.5681391960095082,0.3949870878376207,1.42761528,0.4552070394728242,0.1710999771548593
JC,mean.JC,1,Promoted,216.4,0.0179672303594532,0.1986176649767952,-0.1248546269623993,10.663894416,2.437678547451765,0.1067622570104926
XY,mean.XY,0,Suppressed_or_neutral,154.6,0.0027039865190929,0.2997852684793338,0.8362808873482873,24.32873432,2.724167963529601,0.374987728170329
WH,mean.WH,1,Promoted,177.0,0.0046697072598264,0.3495677614771502,0.3451339462264128,29.401863008,6.655837163244277,-0.0043083364701241
TH1,mean.TH1,1,Promoted,200.4,0.1119580984402994,0.4567514433756895,-0.2302778526652807,7.319724384,1.461571046008492,-0.607414483558815
YC1,mean.YC1,1,Promoted,113.6,0.0520533205448424,0.209664862445814,1.371145085098504,3.0645499936,2.298788208150346,0.2136874513018268
XC,mean.XC,1,Promoted,175.4,0.0039405266808152,0.2210636910165452,0.4796072094869783,8.836354784,2.702319462068776,-0.1401305547352944
LS2,mean.LS2,1,Promoted,215.8,0.0163570501705632,0.2027310697788054,-0.0849826570967045,13.128418816,0.8867933374412241,0.2504334695226248
NJ,mean.NJ,1,Promoted,244.6,0.0468592427184466,0.2070068132880384,0.3136244626013631,7.15289504,0.3996509172540452,0.2467044436057824
BS,mean.BS,1,Promoted,253.8,0.0453794558550693,0.3844107589312816,0.5808791477002091,13.63649,1.246035249211394,0.1944196987325979
WL,mean.WL,0,Suppressed_or_neutral,187.2,0.045936163223617,0.1793745882435934,0.3254937912152135,30.81232928,4.433689645635996,0.2166157014616936
SN,mean.SN,1,Promoted,173.2,0.083930821199767,0.3184415673587838,0.528798349739376,3.649478816,2.439419794816227,-0.0807297573805701
